1919$$1919 FLEET ST Baltimore, MD$$1919@gmail.com$$+12492334372$$21231$$1919logo.png
SAUTE$$2844 HUDSON ST Baltimore, MD$$SAUTE@gmail.com$$+12492301137$$21224$$saute.png
#1 CHINESE KITCHEN$$3998 ROLAND AVE Baltimore, MD$$#1CHINESEKITCHEN@gmail.com$$+16055550157$$21211$$no1chinese.png
3 KINGS$$2510 MCELDERRY ST Baltimore, MD$$3KINGS@gmail.com$$+12492331467$$21205$$3kings.png
3 W'S TAVERN$$2518 MONUMENT ST Baltimore, MD$$3W'STAVERN@gmail.com$$+12492331467$$21205$$3WTavern.jpg
300 SOUTH ANN STREET$$300 ANN ST Baltimore, MD$$300SOUTHANNSTREET@gmail.com$$+12492331337$$21231$$300.jpg 
A & W RESTAURANT$$5625 O DONNELL ST Baltimore, MD$$A&WRESTAURANT@gmail.com$$+12492301337$$21224$$AW.png 
ABACROMBIE FINE FOODS$$58 BIDDLE STREET Baltimore, MD$$ABACROMBIEFINEFOODS@gmail.com$$+12492301137$$21201$$arafine.jpg 
ABC SUSHI$$2003 MONUMENT ST Baltimore, MD$$ABCSUSHI@gmail.com$$+12492331337$$21205$$abc_sushi.jpeg
ACROPOLIS RESTAURANT$$4718 EASTERN AVE Baltimore, MD$$ACROPOLISRESTAURANT@gmail.com$$+12492331337$$21224$$acr_steak.jpeg
ADMIRAL FELL INN$$818 BROADWAY Baltimore, MD$$ADMIRALFELLINN@gmail.com$$+12492331337$$21231$$admiral_fell.jpg
AKBAR RESTAURANT$$823 CHARLES ST Baltimore, MD$$AKBARRESTAURANT@gmail.com$$+12492301337$$21201$$akbar.jpg 
ALDO'S   RESTAURANT$$306 HIGH ST Baltimore, MD$$ALDO'SRESTAURANT@gmail.com$$+12492301137$$21202$$aldo.jpeg
ALE MARY'S$$1939 FLEET ST Baltimore, MD$$ALEMARY'S@gmail.com$$+12492301137$$21231$$alemary.jpg
BAY ATLANTIC CLUB$$206 REDWOOD ST Baltimore, MD$$BAYATLANTICCLUB@gmail.com$$+16055550158$$21212$$atlantic.jpg
BAY CAFE$$2809 BOSTON ST Baltimore, MD$$BAYCAFE@gmail.com$$+12492301337$$21224$$baycafe.png
BEACH  BUMS CAF$$1038 LIGHT ST Baltimore, MD$$BEACHBUMSCAF@gmail.com$$+12892301134$$21230$$beach_bum.jpg
BECKER'S TAVERN$$3820 PRATT ST Baltimore, MD$$BECKER'STAVERN@gmail.com$$+16055550157$$21224$$becker.jpeg
BEDROCK$$401 BALTIMORE ST Baltimore, MD$$BEDROCK@gmail.com$$+12492301137$$21201$$bedrock.jpeg
BELVEDERE TOWERS CAF$$1190 NORTHERN PKWY Baltimore, MD$$BELVEDERETOWERSCAF@gmail.com$$+12492334372$$21210$$belv.png
BERTHA'S RESTAURANT$$734 BROADWAY Baltimore, MD$$BERTHA'SRESTAURANT@gmail.com$$+12492331467$$21231
BEST WESTERN TRAVEL PLAZA$$5625 O DONNELL ST Baltimore, MD$$BESTWESTERNTRAVELPLAZA@gmail.com$$+12492301337$$21224
BIG APPLE TREE CAF$$300 BALTIMORE ST Baltimore, MD$$BIGAPPLETREECAF@gmail.com$$+12892301137$$21202$$apple.jpeg
BIG KAHUNA CANTINA$$301 LIGHT ST Baltimore, MD$$BIGKAHUNACANTINA@gmail.com$$+16055550158$$21202
BIG TEE'S BAR & GRILL$$300 OLDHAM ST Baltimore, MD$$BIGTEE'SBAR&GRILL@gmail.com$$+12492331337$$21224
BILL'S 60'S & 70'S CLUB$$1000 LOMBARD ST Baltimore, MD$$BILL'S60'S&70'SCLUB@gmail.com$$+12492301337$$21223
BILL'S CAFE$$6701 HOLABIRD AVE Baltimore, MD$$BILL'SCAFE@gmail.com$$+12892301134$$21222
BILL'S LIGHTHOUSE INN$$1741 LIGHT ST Baltimore, MD$$BILL'SLIGHTHOUSEINN@gmail.com$$+12492331337$$21230
BILTMORE SUITES HOTEL$$205 MADISON ST Baltimore, MD$$BILTMORESUITESHOTEL@gmail.com$$+12492334372$$21201
BIRCHES RESTAURANT$$641 MONTFORD AVE Baltimore, MD$$BIRCHESRESTAURANT@gmail.com$$+12492301137$$21224
BIRDS OF A FEATHER$$1712 ALICEANNA ST Baltimore, MD$$BIRDSOFAFEATHER@gmail.com$$+12892301134$$21231
BLACKTIE SERVICES$$3725 MALDEN AVE Baltimore, MD$$BLACKTIESERVICES@gmail.com$$+12492334372$$21211
BLARNEY STONE INN$$3915 HANOVER ST Baltimore, MD$$BLARNEYSTONEINN@gmail.com$$+12492334372$$21225
BLARNEY STONE PUB$$704 BROADWAY Baltimore, MD$$BLARNEYSTONEPUB@gmail.com$$+12892301134$$21231
BLEACHERS$$2501 FLEET ST Baltimore, MD$$BLEACHERS@gmail.com$$+12892301134$$21224
ALLEN RESTAURANT$$5621 BELAIR RD Baltimore, MD$$ALLENRESTAURANT@gmail.com$$+12892301137$$21206
ALOHA TOKYO$$1120 FORT AVE Baltimore, MD$$ALOHATOKYO@gmail.com$$+16055550158$$21230
AMBASSADOR DINNING ROOM$$3811 CANTERBURY RD Baltimore, MD$$AMBASSADORDINNINGROOM@gmail.com$$+12892301134$$21218
AMBROSIA'S$$1810 CHERRY HILL RD Baltimore, MD$$AMBROSIA'S@gmail.com$$+16055550158$$21230
AMERICAN FOOD SERVICE$$901 PRATT ST Baltimore, MD$$AMERICANFOODSERVICE@gmail.com$$+12492331337$$21223
AMERICAN LEGION POST #187$$1527 CHERRY ST Baltimore, MD$$AMERICANLEGIONPOST#187@gmail.com$$+12892301137$$21226
AMIGO'S BAR$$400 EATON ST Baltimore, MD$$AMIGO'SBAR@gmail.com$$+16055550157$$21224
ANGELINA'S$$7135 HARFORD RD Baltimore, MD$$ANGELINA'S@gmail.com$$+12492301337$$21234
ANGELO'S RESTAURANT & CARRYOUT$$3600 KESWICK RD Baltimore, MD$$ANGELO'SRESTAURANT&CARRYOUT@gmail.com$$+12492334372$$21211
ANGELS ROCK BAR$$10 MARKET PLACE Baltimore, MD$$ANGELSROCKBAR@gmail.com$$+12492334372$$21202
ANGLE INN$$5805 O Donnell ST Baltimore, MD$$ANGLEINN@gmail.com$$+12892301137$$21224
ANNABEL LEE TAVERN$$601 CLINTON ST Baltimore, MD$$ANNABELLEETAVERN@gmail.com$$+16055550157$$21224
ANNS AT LEXINGTON PLACE$$631 LEXINGTON ST Baltimore, MD$$ANNSATLEXINGTONPLACE@gmail.com$$+12492301137$$21201
aramark at citi bank baltimore$$300 st paul pl Baltimore, MD$$aramarkatcitibankbaltimore@gmail.com$$+12492301137$$21202
ARAMARK FHC SPORTS  (MAIN KITCHEN)$$1101 RUSSELL ST Baltimore, MD$$ARAMARKFHCSPORTS(MAINKITCHEN)@gmail.com$$+12892301137$$21230
ARAMARK FHC SPORTS (BAR 200-201)$$1101 RUSSELL ST Baltimore, MD$$ARAMARKFHCSPORTS(BAR200-201)@gmail.com$$+16055550157$$21230
ARAMARK FHC SPORTS (BAR 210)$$1101 RUSSELL ST Baltimore, MD$$ARAMARKFHCSPORTS(BAR210)@gmail.com$$+12492331467$$21230
ARAMARK FHC SPORTS (BAR 217)$$1101 RUSSELL ST Baltimore, MD$$ARAMARKFHCSPORTS(BAR217)@gmail.com$$+12892301137$$21230
ARAMARK FHC SPORTS (BAR 221)$$1101 RUSSELL ST Baltimore, MD$$ARAMARKFHCSPORTS(BAR221)@gmail.com$$+16055550157$$21230
ARAMARK FHC SPORTS (BAR 232)$$1101 RUSSELL ST Baltimore, MD$$ARAMARKFHCSPORTS(BAR232)@gmail.com$$+12492301137$$21230
ARAMARK FHC SPORTS (BAR 236)$$1101 RUSSELL ST Baltimore, MD$$ARAMARKFHCSPORTS(BAR236)@gmail.com$$+12492331337$$21230
ARAMARK FHC SPORTS (BAR 244)$$1101 RUSSELL ST Baltimore, MD$$ARAMARKFHCSPORTS(BAR244)@gmail.com$$+12492301137$$21230
ARAMARK FHC SPORTS (BAR 252-253)$$1101 RUSSELL ST Baltimore, MD$$ARAMARKFHCSPORTS(BAR252-253)@gmail.com$$+16055550157$$21230
ARAMARK/PNC$$Hopkins Pl Baltimore, MD$$ARAMARK/PNC@gmail.com$$+12492331337$$21201
ARA-MONUMENTAL LIFE INSURANCE COMPANY$$2 CHASE ST Baltimore, MD$$ARA-MONUMENTALLIFEINSURANCECOMPANY@gmail.com$$+12892301137$$21202
ARCH SOCIAL CLUB$$2426 PENNSYLVANIA Baltimore, MD$$ARCHSOCIALCLUB@gmail.com$$+12492331467$$21217
ARCOS$$129 BROADWAY Baltimore, MD$$ARCOS@gmail.com$$+12492301137$$21231
ARIZONA BAR & GRILL$$25 BROADWAY Baltimore, MD$$ARIZONABAR&GRILL@gmail.com$$+12492331337$$21231
ASAHI SUSHI$$629 BROADWAY Baltimore, MD$$ASAHISUSHI@gmail.com$$+12892301134$$21231
asian taste$$916 36th st Baltimore, MD$$asiantaste@gmail.com$$+16055550158$$21211
ATWATER'S$$529 BELVEDERE AVE Baltimore, MD$$ATWATER'S@gmail.com$$+12492331467$$21212
AU BON PAIN$$1 SOUTH ST Baltimore, MD$$AUBONPAIN@gmail.com$$+12492334372$$21202
AUSTIN GRILL$$2400 BOSTON ST Baltimore, MD$$AUSTINGRILL@gmail.com$$+12492301137$$21224
AUSTIN GRILL$$2400 BOSTON ST Baltimore, MD$$AUSTINGRILL@gmail.com$$+12492301137$$21224
AVENUE BAR & LIQUOR$$1238 GREENMOUNT AVE Baltimore, MD$$AVENUEBAR&LIQUOR@gmail.com$$+12492301337$$21202
azteca de oro$$4901 eastern ave Baltimore, MD$$aztecadeoro@gmail.com$$+16055550157$$21224
B$$1501 bolton ST Baltimore, MD$$B@gmail.com$$+12492331337$$21217
B & J RESTAURANT$$2251 WILKENS AVE Baltimore, MD$$B&JRESTAURANT@gmail.com$$+12892301137$$21223
B & O CAFE$$1301 PRATT ST Baltimore, MD$$B&OCAFE@gmail.com$$+12892301137$$21223
B G'S$$301 PAYSON ST Baltimore, MD$$BG'S@gmail.com$$+12492301137$$21223
babalu grill$$34 MARKET PL Baltimore, MD$$babalugrill@gmail.com$$+12492331337$$21202
BACKSTRETCH SALOON$$1301 OLD COLDSPRING Ln Baltimore, MD$$BACKSTRETCHSALOON@gmail.com$$+12492301137$$21209
BAJA BEACH CLUB  (COMBINED WITH BAR-L)$$55 MARKET PL Baltimore, MD$$BAJABEACHCLUB(COMBINEDWITHBAR-L)@gmail.com$$+16055550157$$21202
BALTIMORE BEVERAGE CO. LLC$$20 BALTIMORE ST Baltimore, MD$$BALTIMOREBEVERAGECO.LLC@gmail.com$$+12492301137$$21201
BALTIMORE BEVERAGE CO. -STARBUCKS$$20 BALTIMORE ST Baltimore, MD$$BALTIMOREBEVERAGECO.-STARBUCKS@gmail.com$$+12492301337$$21201
BALTIMORE COUNTRY CLUB$$4712 CLUB RD Baltimore, MD$$BALTIMORECOUNTRYCLUB@gmail.com$$+12892301134$$21210
BALTIMORE DELIGHT RESTAURANT$$4713 EASTERN AVENUE Baltimore, MD$$BALTIMOREDELIGHTRESTAURANT@gmail.com$$+12492331467$$21224
BALTIMORE ESTONIAN SOCIETY$$1932 BELAIR RD Baltimore, MD$$BALTIMOREESTONIANSOCIETY@gmail.com$$+16055550157$$21213
BALTIMORE MARRIOTT WATERFRONT/EMPLOYEE CAFETERIA$$700 ALICEANNA ST Baltimore, MD$$BALTIMOREMARRIOTTWATERFRONT/EMPLOYEECAFETERIA@gmail.com$$+16055550157$$21202
BALTIMORE MARRIOTT WATERFRONT/GRILLE 700 RESTAURAN$$700 ALICEANNA ST Baltimore, MD$$BALTIMOREMARRIOTTWATERFRONT/GRILLE700RESTAURAN@gmail.com$$+12492331467$$21202
BALTIMORE MARRIOTT WATERFRONT/KOZMOS BAR$$700 ALICEANNA ST Baltimore, MD$$BALTIMOREMARRIOTTWATERFRONT/KOZMOSBAR@gmail.com$$+16055550158$$21202
BALTIMORE MARRIOTT WATERFRONT/RIGANOS DELI$$700 ALICEANNA ST Baltimore, MD$$BALTIMOREMARRIOTTWATERFRONT/RIGANOSDELI@gmail.com$$+12892301134$$21202
BALTIMORE MARRIOTT-INNER HARBOR/EMP. CAFETERIA$$110 EUTAW ST Baltimore, MD$$BALTIMOREMARRIOTT-INNERHARBOR/EMP.CAFETERIA@gmail.com$$+16055550157$$21202
BALTIMORE MARRIOTT-INNER HARBOR/REST/BAR$$110 EUTAW ST Baltimore, MD$$BALTIMOREMARRIOTT-INNERHARBOR/REST/BAR@gmail.com$$+12892301137$$21201
BALTIMORE PHO$$1114 16 HOLLINS ST Baltimore, MD$$BALTIMOREPHO@gmail.com$$+12892301137$$21223
BALTMORE KICKERS$$26 BROADWAY Baltimore, MD$$BALTMOREKICKERS@gmail.com$$+12892301134$$21231
BANJARA$$1015 CHARLES ST Baltimore, MD$$BANJARA@gmail.com$$+12892301134$$21230
BANTHAI$$340 CHARLES ST Baltimore, MD$$BANTHAI@gmail.com$$+16055550158$$21201
BARISTA ESPRESSO CAF$$500 HARBORVIEW DR Baltimore, MD$$BARISTAESPRESSOCAF@gmail.com$$+12492334372$$21230
BARNES & NOBLE BOOKSELLERS$$601 PRATT ST Baltimore, MD$$BARNES&NOBLEBOOKSELLERS@gmail.com$$+16055550158$$21202
BARTENDERS$$2218 BOSTON ST Baltimore, MD$$BARTENDERS@gmail.com$$+12492301137$$21231
BLU BAMBU-FRESH AISIAN EATS$$621 PRATT ST Baltimore, MD$$BLUBAMBU-FRESHAISIANEATS@gmail.com$$+12892301134$$21202
BLUE AGAVE RESTAURANT AND TEQUILERIA$$1032 LIGHT ST Baltimore, MD$$BLUEAGAVERESTAURANTANDTEQUILERIA@gmail.com$$+12892301134$$21230
BLUE CRAB EXPRESS & CAF INC.$$1020 PATAPSCO AVE Baltimore, MD$$BLUECRABEXPRESS&CAFINC.@gmail.com$$+12892301137$$21230
blue island malaysian cuisine$$400 lexington st Baltimore, MD$$blueislandmalaysiancuisine@gmail.com$$+12892301137$$21201
BLUE JEAN CAFE$$6422 HOLABIRD AVE Baltimore, MD$$BLUEJEANCAFE@gmail.com$$+12492301337$$21224
BLUE MOON  DINING  HOUSE  & EXPRESSO  BAR$$1621 ALICEANNA ST Baltimore, MD$$BLUEMOONDININGHOUSE&EXPRESSOBAR@gmail.com$$+12492301337$$21231
BLUE PARROT$$5860 BELAIR RD Baltimore, MD$$BLUEPARROT@gmail.com$$+12492301137$$21206
BLUE POINT CRAB HOUSE (seasonal)$$237 MONTFORD AVE Baltimore, MD$$BLUEPOINTCRABHOUSE(seasonal)@gmail.com$$+12892301134$$21224
BLUE SEA GRILL$$614 WATER ST Baltimore, MD$$BLUESEAGRILL@gmail.com$$+12492301337$$21202
BLUE SKY RESTAURANT$$237 PARK AVE Baltimore, MD$$BLUESKYRESTAURANT@gmail.com$$+12492334372$$21201
BLUEHOUSE$$1407 FLEET ST Baltimore, MD$$BLUEHOUSE@gmail.com$$+12892301137$$21231
BO BROOKS$$2701 BOSTON ST Baltimore, MD$$BOBROOKS@gmail.com$$+12492331337$$21224
BOB CUMMINGS PLACE$$148 EAST AVE Baltimore, MD$$BOBCUMMINGSPLACE@gmail.com$$+12492301337$$21224
BOB DELI$$333 CASSELL DR Baltimore, MD$$BOBDELI@gmail.com$$+16055550158$$21224
BOB'S BAR$$1173 WASHINGTON BLVD Baltimore, MD$$BOB'SBAR@gmail.com$$+12492334372$$21230
BOB'S OLDIE'S CAF$$4017 19 EASTERN AVE Baltimore, MD$$BOB'SOLDIE'SCAF@gmail.com$$+12492331337$$21224
BOCCACCIO$$925 EASTERN AVE Baltimore, MD$$BOCCACCIO@gmail.com$$+16055550157$$21202
BOP BRICK OVEN PIZZA$$800 BROADWAY Baltimore, MD$$BOPBRICKOVENPIZZA@gmail.com$$+12492301337$$21231
BOUILLABAISSE CAF$$316 PARK AVE Baltimore, MD$$BOUILLABAISSECAF@gmail.com$$+12492301137$$21201
BOULDER GARDEN CAFE$$4501 CHARLES ST Baltimore, MD$$BOULDERGARDENCAFE@gmail.com$$+12492301337$$21210
BRASS MONKEY SALOON$$1601 EASTERN AVE Baltimore, MD$$BRASSMONKEYSALOON@gmail.com$$+12892301137$$21231